INSERT INTO _user (_user_id, _name, _age, _sex, _department, _job_title, _avatar, _signature, _phonenumber, _email, _qq,_introduction, _company) VALUES ('1ff223d3f53440cb7668f66a620fa600', '魏爱辉', 22,false , 'Android开发工程师', '研发',  'https://b-ssl.duitang.com/uploads/item/201605/14/20160514091932_WCmEc.jpeg', '欢迎加入北斗数睿大家庭', '4961115982468162243', '4961115982468162243@qq.com', '4961115982468162243', '太懒了暂无个人简介', '北斗数睿');
INSERT INTO _user (_user_id, _name, _age, _sex, _department, _job_title, _avatar, _signature, _phonenumber, _email, _qq,_introduction, _company) VALUES ('951c99b7dd061ea49e26c077b2f758c4', '王志明', 38,false , 'Android开发工程师', '研发',  'https://b-ssl.duitang.com/uploads/item/201605/14/20160514091932_WCmEc.jpeg', '欢迎加入北斗数睿大家庭', '4961115982468162243', '4961115982468162243@qq.com', '4961115982468162243', '太懒了暂无个人简介', '北斗数睿');
INSERT INTO _user (_user_id, _name, _age, _sex, _department, _job_title, _avatar, _signature, _phonenumber, _email, _qq,_introduction, _company) VALUES ('5c7cff1e4c8f6cd7002f682edbcda83d', '王晓波', 47,false , 'Android开发工程师', '研发',  'https://b-ssl.duitang.com/uploads/item/201605/14/20160514091932_WCmEc.jpeg', '欢迎加入北斗数睿大家庭', '4961115982468162243', '4961115982468162243@qq.com', '4961115982468162243', '太懒了暂无个人简介', '北斗数睿');
INSERT INTO _user (_user_id, _name, _age, _sex, _department, _job_title, _avatar, _signature, _phonenumber, _email, _qq,_introduction, _company) VALUES ('c1343f89226147cf66e07a291b30cece', '诗琦', 5,false , 'Android开发工程师', '研发',  'https://b-ssl.duitang.com/uploads/item/201605/14/20160514091932_WCmEc.jpeg', '欢迎加入北斗数睿大家庭', '4961115982468162243', '4961115982468162243@qq.com', '4961115982468162243', '太懒了暂无个人简介', '北斗数睿');
INSERT INTO _user (_user_id, _name, _age, _sex, _department, _job_title, _avatar, _signature, _phonenumber, _email, _qq,_introduction, _company) VALUES ('f97eb450a7d57b9dd7a9c0a56f09fd59', '李媛', 43,false , 'Android开发工程师', '研发',  'https://b-ssl.duitang.com/uploads/item/201605/14/20160514091932_WCmEc.jpeg', '欢迎加入北斗数睿大家庭', '4961115982468162243', '4961115982468162243@qq.com', '4961115982468162243', '太懒了暂无个人简介', '北斗数睿');
INSERT INTO _user (_user_id, _name, _age, _sex, _department, _job_title, _avatar, _signature, _phonenumber, _email, _qq,_introduction, _company) VALUES ('89575ebc716859c6c9e4f0cf945f30f8', '石亚楠', 57,false , 'Android开发工程师', '研发',  'https://b-ssl.duitang.com/uploads/item/201605/14/20160514091932_WCmEc.jpeg', '欢迎加入北斗数睿大家庭', '4961115982468162243', '4961115982468162243@qq.com', '4961115982468162243', '太懒了暂无个人简介', '北斗数睿');
INSERT INTO _user (_user_id, _name, _age, _sex, _department, _job_title, _avatar, _signature, _phonenumber, _email, _qq,_introduction, _company) VALUES ('57ee51c026dcde9b76da928a5fae0c88', '王静静', 34,false , 'Android开发工程师', '研发',  'https://b-ssl.duitang.com/uploads/item/201605/14/20160514091932_WCmEc.jpeg', '欢迎加入北斗数睿大家庭', '4961115982468162243', '4961115982468162243@qq.com', '4961115982468162243', '太懒了暂无个人简介', '北斗数睿');
INSERT INTO _user (_user_id, _name, _age, _sex, _department, _job_title, _avatar, _signature, _phonenumber, _email, _qq,_introduction, _company) VALUES ('022b51fc3803d95a2ab78dfa3d95306b', '李洋萱', 25,false , 'Android开发工程师', '研发',  'https://b-ssl.duitang.com/uploads/item/201605/14/20160514091932_WCmEc.jpeg', '欢迎加入北斗数睿大家庭', '4961115982468162243', '4961115982468162243@qq.com', '4961115982468162243', '太懒了暂无个人简介', '北斗数睿');
INSERT INTO _user (_user_id, _name, _age, _sex, _department, _job_title, _avatar, _signature, _phonenumber, _email, _qq,_introduction, _company) VALUES ('cbef2e8173a5170e4a74f9fca0e0ee3e', '吴婧宇', 20,false , 'Android开发工程师', '研发',  'https://b-ssl.duitang.com/uploads/item/201605/14/20160514091932_WCmEc.jpeg', '欢迎加入北斗数睿大家庭', '4961115982468162243', '4961115982468162243@qq.com', '4961115982468162243', '太懒了暂无个人简介', '北斗数睿');
INSERT INTO _user (_user_id, _name, _age, _sex, _department, _job_title, _avatar, _signature, _phonenumber, _email, _qq,_introduction, _company) VALUES ('e0c1fc513dca4b3e18bd1d4b4b36892c', '李卫宁', 3,false , 'Android开发工程师', '研发',  'https://b-ssl.duitang.com/uploads/item/201605/14/20160514091932_WCmEc.jpeg', '欢迎加入北斗数睿大家庭', '4961115982468162243', '4961115982468162243@qq.com', '4961115982468162243', '太懒了暂无个人简介', '北斗数睿');
INSERT INTO _user (_user_id, _name, _age, _sex, _department, _job_title, _avatar, _signature, _phonenumber, _email, _qq,_introduction, _company) VALUES ('1b47225375c170aa708f569aa62fe857', '方士琦', 50,false , 'Android开发工程师', '研发',  'https://b-ssl.duitang.com/uploads/item/201605/14/20160514091932_WCmEc.jpeg', '欢迎加入北斗数睿大家庭', '4961115982468162243', '4961115982468162243@qq.com', '4961115982468162243', '太懒了暂无个人简介', '北斗数睿');
INSERT INTO _user (_user_id, _name, _age, _sex, _department, _job_title, _avatar, _signature, _phonenumber, _email, _qq,_introduction, _company) VALUES ('834b983cf5662e030c36c87a43e07c07', '汪浩琰', 52,false , 'Android开发工程师', '研发',  'https://b-ssl.duitang.com/uploads/item/201605/14/20160514091932_WCmEc.jpeg', '欢迎加入北斗数睿大家庭', '4961115982468162243', '4961115982468162243@qq.com', '4961115982468162243', '太懒了暂无个人简介', '北斗数睿');
INSERT INTO _user (_user_id, _name, _age, _sex, _department, _job_title, _avatar, _signature, _phonenumber, _email, _qq,_introduction, _company) VALUES ('d6947a7f1c22df87e63f6f77fe41df47', '雷行京', 30,false , 'Android开发工程师', '研发',  'https://b-ssl.duitang.com/uploads/item/201605/14/20160514091932_WCmEc.jpeg', '欢迎加入北斗数睿大家庭', '4961115982468162243', '4961115982468162243@qq.com', '4961115982468162243', '太懒了暂无个人简介', '北斗数睿');
INSERT INTO _user (_user_id, _name, _age, _sex, _department, _job_title, _avatar, _signature, _phonenumber, _email, _qq,_introduction, _company) VALUES ('8e5c71b96acca5306d7e9b675f05fc50', '罗大伟', 7,false , 'Android开发工程师', '研发',  'https://b-ssl.duitang.com/uploads/item/201605/14/20160514091932_WCmEc.jpeg', '欢迎加入北斗数睿大家庭', '4961115982468162243', '4961115982468162243@qq.com', '4961115982468162243', '太懒了暂无个人简介', '北斗数睿');
INSERT INTO _user (_user_id, _name, _age, _sex, _department, _job_title, _avatar, _signature, _phonenumber, _email, _qq,_introduction, _company) VALUES ('d4014c0566a4002e8001358a9a759dcd', '张赛风', 38,false , 'Android开发工程师', '研发',  'https://b-ssl.duitang.com/uploads/item/201605/14/20160514091932_WCmEc.jpeg', '欢迎加入北斗数睿大家庭', '4961115982468162243', '4961115982468162243@qq.com', '4961115982468162243', '太懒了暂无个人简介', '北斗数睿');
INSERT INTO _user (_user_id, _name, _age, _sex, _department, _job_title, _avatar, _signature, _phonenumber, _email, _qq,_introduction, _company) VALUES ('a7293e9bcd28c21e46bf0233d773d31a', '杨琦', 55,false , 'Android开发工程师', '研发',  'https://b-ssl.duitang.com/uploads/item/201605/14/20160514091932_WCmEc.jpeg', '欢迎加入北斗数睿大家庭', '4961115982468162243', '4961115982468162243@qq.com', '4961115982468162243', '太懒了暂无个人简介', '北斗数睿');
INSERT INTO _user (_user_id, _name, _age, _sex, _department, _job_title, _avatar, _signature, _phonenumber, _email, _qq,_introduction, _company) VALUES ('f9ca6c5adb87b2341ba7e18d7b1c28ca', '孙爱超', 30,false , 'Android开发工程师', '研发',  'https://b-ssl.duitang.com/uploads/item/201605/14/20160514091932_WCmEc.jpeg', '欢迎加入北斗数睿大家庭', '4961115982468162243', '4961115982468162243@qq.com', '4961115982468162243', '太懒了暂无个人简介', '北斗数睿');
INSERT INTO _user (_user_id, _name, _age, _sex, _department, _job_title, _avatar, _signature, _phonenumber, _email, _qq,_introduction, _company) VALUES ('311e931e63400487591ead0d3be31a5c', '蒋帅', 56,false , 'Android开发工程师', '研发',  'https://b-ssl.duitang.com/uploads/item/201605/14/20160514091932_WCmEc.jpeg', '欢迎加入北斗数睿大家庭', '4961115982468162243', '4961115982468162243@qq.com', '4961115982468162243', '太懒了暂无个人简介', '北斗数睿');
INSERT INTO _user (_user_id, _name, _age, _sex, _department, _job_title, _avatar, _signature, _phonenumber, _email, _qq,_introduction, _company) VALUES ('ffb031550e9681adbe2223cc408d48fc', '李伟', 43,false , 'Android开发工程师', '研发',  'https://b-ssl.duitang.com/uploads/item/201605/14/20160514091932_WCmEc.jpeg', '欢迎加入北斗数睿大家庭', '4961115982468162243', '4961115982468162243@qq.com', '4961115982468162243', '太懒了暂无个人简介', '北斗数睿');
INSERT INTO _user (_user_id, _name, _age, _sex, _department, _job_title, _avatar, _signature, _phonenumber, _email, _qq,_introduction, _company) VALUES ('476f69e69b896a138b03b675cce85739', '姜世杰', 13,false , 'Android开发工程师', '研发',  'https://b-ssl.duitang.com/uploads/item/201605/14/20160514091932_WCmEc.jpeg', '欢迎加入北斗数睿大家庭', '4961115982468162243', '4961115982468162243@qq.com', '4961115982468162243', '太懒了暂无个人简介', '北斗数睿');
INSERT INTO _user (_user_id, _name, _age, _sex, _department, _job_title, _avatar, _signature, _phonenumber, _email, _qq,_introduction, _company) VALUES ('25c887001b9d54b3d049e8de0b494466', '石磊', 51,false , 'Android开发工程师', '研发',  'https://b-ssl.duitang.com/uploads/item/201605/14/20160514091932_WCmEc.jpeg', '欢迎加入北斗数睿大家庭', '4961115982468162243', '4961115982468162243@qq.com', '4961115982468162243', '太懒了暂无个人简介', '北斗数睿');
INSERT INTO _user (_user_id, _name, _age, _sex, _department, _job_title, _avatar, _signature, _phonenumber, _email, _qq,_introduction, _company) VALUES ('d95a94515fec89cf011d781b925c80d9', '陈春海', 8,false , 'Android开发工程师', '研发',  'https://b-ssl.duitang.com/uploads/item/201605/14/20160514091932_WCmEc.jpeg', '欢迎加入北斗数睿大家庭', '4961115982468162243', '4961115982468162243@qq.com', '4961115982468162243', '太懒了暂无个人简介', '北斗数睿');
INSERT INTO _user (_user_id, _name, _age, _sex, _department, _job_title, _avatar, _signature, _phonenumber, _email, _qq,_introduction, _company) VALUES ('53b3deba6bea1fa9efa5508dabf317cb', '梁家振', 33,false , 'Android开发工程师', '研发',  'https://b-ssl.duitang.com/uploads/item/201605/14/20160514091932_WCmEc.jpeg', '欢迎加入北斗数睿大家庭', '4961115982468162243', '4961115982468162243@qq.com', '4961115982468162243', '太懒了暂无个人简介', '北斗数睿');
INSERT INTO _user (_user_id, _name, _age, _sex, _department, _job_title, _avatar, _signature, _phonenumber, _email, _qq,_introduction, _company) VALUES ('bddd3952e9ea5626fcc04dfdc54a83e0', '隋明君', 31,false , 'Android开发工程师', '研发',  'https://b-ssl.duitang.com/uploads/item/201605/14/20160514091932_WCmEc.jpeg', '欢迎加入北斗数睿大家庭', '4961115982468162243', '4961115982468162243@qq.com', '4961115982468162243', '太懒了暂无个人简介', '北斗数睿');
INSERT INTO _user (_user_id, _name, _age, _sex, _department, _job_title, _avatar, _signature, _phonenumber, _email, _qq,_introduction, _company) VALUES ('29c799c72e13f5bd7af95c60b4187318', '毛华伟', 59,false , 'Android开发工程师', '研发',  'https://b-ssl.duitang.com/uploads/item/201605/14/20160514091932_WCmEc.jpeg', '欢迎加入北斗数睿大家庭', '4961115982468162243', '4961115982468162243@qq.com', '4961115982468162243', '太懒了暂无个人简介', '北斗数睿');
INSERT INTO _user (_user_id, _name, _age, _sex, _department, _job_title, _avatar, _signature, _phonenumber, _email, _qq,_introduction, _company) VALUES ('8a2b4a39081ff324410e6669261d6ba1', '张宁', 7,false , 'Android开发工程师', '研发',  'https://b-ssl.duitang.com/uploads/item/201605/14/20160514091932_WCmEc.jpeg', '欢迎加入北斗数睿大家庭', '4961115982468162243', '4961115982468162243@qq.com', '4961115982468162243', '太懒了暂无个人简介', '北斗数睿');
INSERT INTO _room_list (_user_id, _room_id, _room_type)VALUES ('29c799c72e13f5bd7af95c60b4187318', '1ff223d3f53440cb7668f66a620fa600', '_p2p');
INSERT INTO _room_list (_user_id, _room_id, _room_type)VALUES ('29c799c72e13f5bd7af95c60b4187318', '951c99b7dd061ea49e26c077b2f758c4', '_p2p');
INSERT INTO _room_list (_user_id, _room_id, _room_type)VALUES ('29c799c72e13f5bd7af95c60b4187318', '5c7cff1e4c8f6cd7002f682edbcda83d', '_p2p');
INSERT INTO _room_list (_user_id, _room_id, _room_type)VALUES ('29c799c72e13f5bd7af95c60b4187318', 'c1343f89226147cf66e07a291b30cece', '_p2p');
INSERT INTO _room_list (_user_id, _room_id, _room_type)VALUES ('29c799c72e13f5bd7af95c60b4187318', 'f97eb450a7d57b9dd7a9c0a56f09fd59', '_p2p');
INSERT INTO _room_list (_user_id, _room_id, _room_type)VALUES ('29c799c72e13f5bd7af95c60b4187318', '89575ebc716859c6c9e4f0cf945f30f8', '_p2p');
INSERT INTO _room_list (_user_id, _room_id, _room_type)VALUES ('29c799c72e13f5bd7af95c60b4187318', '57ee51c026dcde9b76da928a5fae0c88', '_p2p');
INSERT INTO _room_list (_user_id, _room_id, _room_type)VALUES ('29c799c72e13f5bd7af95c60b4187318', '022b51fc3803d95a2ab78dfa3d95306b', '_p2p');
INSERT INTO _room_list (_user_id, _room_id, _room_type)VALUES ('29c799c72e13f5bd7af95c60b4187318', 'cbef2e8173a5170e4a74f9fca0e0ee3e', '_p2p');
INSERT INTO _room_list (_user_id, _room_id, _room_type)VALUES ('29c799c72e13f5bd7af95c60b4187318', 'e0c1fc513dca4b3e18bd1d4b4b36892c', '_p2p');
INSERT INTO _room_list (_user_id, _room_id, _room_type)VALUES ('29c799c72e13f5bd7af95c60b4187318', '1b47225375c170aa708f569aa62fe857', '_p2p');
INSERT INTO _room_list (_user_id, _room_id, _room_type)VALUES ('29c799c72e13f5bd7af95c60b4187318', '834b983cf5662e030c36c87a43e07c07', '_p2p');
INSERT INTO _room_list (_user_id, _room_id, _room_type)VALUES ('29c799c72e13f5bd7af95c60b4187318', 'd6947a7f1c22df87e63f6f77fe41df47', '_p2p');
INSERT INTO _room_list (_user_id, _room_id, _room_type)VALUES ('29c799c72e13f5bd7af95c60b4187318', '8e5c71b96acca5306d7e9b675f05fc50', '_p2p');
INSERT INTO _room_list (_user_id, _room_id, _room_type)VALUES ('29c799c72e13f5bd7af95c60b4187318', 'd4014c0566a4002e8001358a9a759dcd', '_p2p');
INSERT INTO _room_list (_user_id, _room_id, _room_type)VALUES ('29c799c72e13f5bd7af95c60b4187318', 'a7293e9bcd28c21e46bf0233d773d31a', '_p2p');
INSERT INTO _room_list (_user_id, _room_id, _room_type)VALUES ('29c799c72e13f5bd7af95c60b4187318', 'f9ca6c5adb87b2341ba7e18d7b1c28ca', '_p2p');
INSERT INTO _room_list (_user_id, _room_id, _room_type)VALUES ('29c799c72e13f5bd7af95c60b4187318', '311e931e63400487591ead0d3be31a5c', '_p2p');
INSERT INTO _room_list (_user_id, _room_id, _room_type)VALUES ('29c799c72e13f5bd7af95c60b4187318', 'ffb031550e9681adbe2223cc408d48fc', '_p2p');
INSERT INTO _room_list (_user_id, _room_id, _room_type)VALUES ('29c799c72e13f5bd7af95c60b4187318', '476f69e69b896a138b03b675cce85739', '_p2p');
INSERT INTO _room_list (_user_id, _room_id, _room_type)VALUES ('29c799c72e13f5bd7af95c60b4187318', '25c887001b9d54b3d049e8de0b494466', '_p2p');
INSERT INTO _room_list (_user_id, _room_id, _room_type)VALUES ('29c799c72e13f5bd7af95c60b4187318', 'd95a94515fec89cf011d781b925c80d9', '_p2p');
INSERT INTO _room_list (_user_id, _room_id, _room_type)VALUES ('29c799c72e13f5bd7af95c60b4187318', '53b3deba6bea1fa9efa5508dabf317cb', '_p2p');
INSERT INTO _room_list (_user_id, _room_id, _room_type)VALUES ('29c799c72e13f5bd7af95c60b4187318', 'bddd3952e9ea5626fcc04dfdc54a83e0', '_p2p');
INSERT INTO _room_list (_user_id, _room_id, _room_type)VALUES ('29c799c72e13f5bd7af95c60b4187318', '29c799c72e13f5bd7af95c60b4187318', '_p2p');
INSERT INTO _room_list (_user_id, _room_id, _room_type)VALUES ('29c799c72e13f5bd7af95c60b4187318', '8a2b4a39081ff324410e6669261d6ba1', '_p2p');
INSERT INTO _room_p2p (_room_id, _room_name, _room_avatar, _room_version)VALUES ('1ff223d3f53440cb7668f66a620fa600', '魏爱辉', 'https://b-ssl.duitang.com/uploads/item/201605/14/20160514091932_WCmEc.jpeg', 1);
INSERT INTO _room_p2p (_room_id, _room_name, _room_avatar, _room_version)VALUES ('951c99b7dd061ea49e26c077b2f758c4', '王志明', 'https://b-ssl.duitang.com/uploads/item/201605/14/20160514091932_WCmEc.jpeg', 1);
INSERT INTO _room_p2p (_room_id, _room_name, _room_avatar, _room_version)VALUES ('5c7cff1e4c8f6cd7002f682edbcda83d', '王晓波', 'https://b-ssl.duitang.com/uploads/item/201605/14/20160514091932_WCmEc.jpeg', 1);
INSERT INTO _room_p2p (_room_id, _room_name, _room_avatar, _room_version)VALUES ('c1343f89226147cf66e07a291b30cece', '诗琦', 'https://b-ssl.duitang.com/uploads/item/201605/14/20160514091932_WCmEc.jpeg', 1);
INSERT INTO _room_p2p (_room_id, _room_name, _room_avatar, _room_version)VALUES ('f97eb450a7d57b9dd7a9c0a56f09fd59', '李媛', 'https://b-ssl.duitang.com/uploads/item/201605/14/20160514091932_WCmEc.jpeg', 1);
INSERT INTO _room_p2p (_room_id, _room_name, _room_avatar, _room_version)VALUES ('89575ebc716859c6c9e4f0cf945f30f8', '石亚楠', 'https://b-ssl.duitang.com/uploads/item/201605/14/20160514091932_WCmEc.jpeg', 1);
INSERT INTO _room_p2p (_room_id, _room_name, _room_avatar, _room_version)VALUES ('57ee51c026dcde9b76da928a5fae0c88', '王静静', 'https://b-ssl.duitang.com/uploads/item/201605/14/20160514091932_WCmEc.jpeg', 1);
INSERT INTO _room_p2p (_room_id, _room_name, _room_avatar, _room_version)VALUES ('022b51fc3803d95a2ab78dfa3d95306b', '李洋萱', 'https://b-ssl.duitang.com/uploads/item/201605/14/20160514091932_WCmEc.jpeg', 1);
INSERT INTO _room_p2p (_room_id, _room_name, _room_avatar, _room_version)VALUES ('cbef2e8173a5170e4a74f9fca0e0ee3e', '吴婧宇', 'https://b-ssl.duitang.com/uploads/item/201605/14/20160514091932_WCmEc.jpeg', 1);
INSERT INTO _room_p2p (_room_id, _room_name, _room_avatar, _room_version)VALUES ('e0c1fc513dca4b3e18bd1d4b4b36892c', '李卫宁', 'https://b-ssl.duitang.com/uploads/item/201605/14/20160514091932_WCmEc.jpeg', 1);
INSERT INTO _room_p2p (_room_id, _room_name, _room_avatar, _room_version)VALUES ('1b47225375c170aa708f569aa62fe857', '方士琦', 'https://b-ssl.duitang.com/uploads/item/201605/14/20160514091932_WCmEc.jpeg', 1);
INSERT INTO _room_p2p (_room_id, _room_name, _room_avatar, _room_version)VALUES ('834b983cf5662e030c36c87a43e07c07', '汪浩琰', 'https://b-ssl.duitang.com/uploads/item/201605/14/20160514091932_WCmEc.jpeg', 1);
INSERT INTO _room_p2p (_room_id, _room_name, _room_avatar, _room_version)VALUES ('d6947a7f1c22df87e63f6f77fe41df47', '雷行京', 'https://b-ssl.duitang.com/uploads/item/201605/14/20160514091932_WCmEc.jpeg', 1);
INSERT INTO _room_p2p (_room_id, _room_name, _room_avatar, _room_version)VALUES ('8e5c71b96acca5306d7e9b675f05fc50', '罗大伟', 'https://b-ssl.duitang.com/uploads/item/201605/14/20160514091932_WCmEc.jpeg', 1);
INSERT INTO _room_p2p (_room_id, _room_name, _room_avatar, _room_version)VALUES ('d4014c0566a4002e8001358a9a759dcd', '张赛风', 'https://b-ssl.duitang.com/uploads/item/201605/14/20160514091932_WCmEc.jpeg', 1);
INSERT INTO _room_p2p (_room_id, _room_name, _room_avatar, _room_version)VALUES ('a7293e9bcd28c21e46bf0233d773d31a', '杨琦', 'https://b-ssl.duitang.com/uploads/item/201605/14/20160514091932_WCmEc.jpeg', 1);
INSERT INTO _room_p2p (_room_id, _room_name, _room_avatar, _room_version)VALUES ('f9ca6c5adb87b2341ba7e18d7b1c28ca', '孙爱超', 'https://b-ssl.duitang.com/uploads/item/201605/14/20160514091932_WCmEc.jpeg', 1);
INSERT INTO _room_p2p (_room_id, _room_name, _room_avatar, _room_version)VALUES ('311e931e63400487591ead0d3be31a5c', '蒋帅', 'https://b-ssl.duitang.com/uploads/item/201605/14/20160514091932_WCmEc.jpeg', 1);
INSERT INTO _room_p2p (_room_id, _room_name, _room_avatar, _room_version)VALUES ('ffb031550e9681adbe2223cc408d48fc', '李伟', 'https://b-ssl.duitang.com/uploads/item/201605/14/20160514091932_WCmEc.jpeg', 1);
INSERT INTO _room_p2p (_room_id, _room_name, _room_avatar, _room_version)VALUES ('476f69e69b896a138b03b675cce85739', '姜世杰', 'https://b-ssl.duitang.com/uploads/item/201605/14/20160514091932_WCmEc.jpeg', 1);
INSERT INTO _room_p2p (_room_id, _room_name, _room_avatar, _room_version)VALUES ('25c887001b9d54b3d049e8de0b494466', '石磊', 'https://b-ssl.duitang.com/uploads/item/201605/14/20160514091932_WCmEc.jpeg', 1);
INSERT INTO _room_p2p (_room_id, _room_name, _room_avatar, _room_version)VALUES ('d95a94515fec89cf011d781b925c80d9', '陈春海', 'https://b-ssl.duitang.com/uploads/item/201605/14/20160514091932_WCmEc.jpeg', 1);
INSERT INTO _room_p2p (_room_id, _room_name, _room_avatar, _room_version)VALUES ('53b3deba6bea1fa9efa5508dabf317cb', '梁家振', 'https://b-ssl.duitang.com/uploads/item/201605/14/20160514091932_WCmEc.jpeg', 1);
INSERT INTO _room_p2p (_room_id, _room_name, _room_avatar, _room_version)VALUES ('bddd3952e9ea5626fcc04dfdc54a83e0', '隋明君', 'https://b-ssl.duitang.com/uploads/item/201605/14/20160514091932_WCmEc.jpeg', 1);
INSERT INTO _room_p2p (_room_id, _room_name, _room_avatar, _room_version)VALUES ('29c799c72e13f5bd7af95c60b4187318', '毛华伟', 'https://b-ssl.duitang.com/uploads/item/201605/14/20160514091932_WCmEc.jpeg', 1);
INSERT INTO _room_p2p (_room_id, _room_name, _room_avatar, _room_version)VALUES ('8a2b4a39081ff324410e6669261d6ba1', '张宁', 'https://b-ssl.duitang.com/uploads/item/201605/14/20160514091932_WCmEc.jpeg', 1);
INSERT INTO _message_text (_room_id, _message_id, _event_id, _sender_id, _time, _text_content, _message_sender_time, _message_receive_time, _is_me, _is_read)VALUES ('1ff223d3f53440cb7668f66a620fa600', '9973cf33-33ce-493b-802c-789c87b2f3b1', '634f21fe-0a90-4b20-8b56-c62076080654', '1ff223d3f53440cb7668f66a620fa600', 1581860924627, '在吗', 1581860924627, 1581860924627, true,true);
INSERT INTO _message_list (_room_id, _room_type, _message_id, _message_type, _event_id, _time)VALUES ('1ff223d3f53440cb7668f66a620fa600', '_p2p', '9973cf33-33ce-493b-802c-789c87b2f3b1', '_text', '634f21fe-0a90-4b20-8b56-c62076080654', 1581860924627);
INSERT INTO _message_text (_room_id, _message_id, _event_id, _sender_id, _time, _text_content, _message_sender_time, _message_receive_time, _is_me, _is_read)VALUES ('951c99b7dd061ea49e26c077b2f758c4', '737ede3b-bf11-4bd7-87b3-021759a34393', '636c15e7-16f0-470e-81d0-fca5dea7d9bf', '951c99b7dd061ea49e26c077b2f758c4', 1581860924627, '在吗', 1581860924627, 1581860924627, true,true);
INSERT INTO _message_list (_room_id, _room_type, _message_id, _message_type, _event_id, _time)VALUES ('951c99b7dd061ea49e26c077b2f758c4', '_p2p', '737ede3b-bf11-4bd7-87b3-021759a34393', '_text', '636c15e7-16f0-470e-81d0-fca5dea7d9bf', 1581860924627);
INSERT INTO _message_text (_room_id, _message_id, _event_id, _sender_id, _time, _text_content, _message_sender_time, _message_receive_time, _is_me, _is_read)VALUES ('5c7cff1e4c8f6cd7002f682edbcda83d', '5b913c61-f5d2-4aca-9a21-4dde1364c213', 'd759711c-11d4-40d6-853d-0d1370be715e', '5c7cff1e4c8f6cd7002f682edbcda83d', 1581860924627, '在吗', 1581860924627, 1581860924627, true,true);
INSERT INTO _message_list (_room_id, _room_type, _message_id, _message_type, _event_id, _time)VALUES ('5c7cff1e4c8f6cd7002f682edbcda83d', '_p2p', '5b913c61-f5d2-4aca-9a21-4dde1364c213', '_text', 'd759711c-11d4-40d6-853d-0d1370be715e', 1581860924627);
INSERT INTO _message_text (_room_id, _message_id, _event_id, _sender_id, _time, _text_content, _message_sender_time, _message_receive_time, _is_me, _is_read)VALUES ('c1343f89226147cf66e07a291b30cece', 'e52abc75-5803-47eb-9d3f-784eab9344c4', '3e106871-78ed-4bbf-ae8b-0a4699775056', 'c1343f89226147cf66e07a291b30cece', 1581860924627, '在吗', 1581860924627, 1581860924627, true,true);
INSERT INTO _message_list (_room_id, _room_type, _message_id, _message_type, _event_id, _time)VALUES ('c1343f89226147cf66e07a291b30cece', '_p2p', 'e52abc75-5803-47eb-9d3f-784eab9344c4', '_text', '3e106871-78ed-4bbf-ae8b-0a4699775056', 1581860924627);
INSERT INTO _message_text (_room_id, _message_id, _event_id, _sender_id, _time, _text_content, _message_sender_time, _message_receive_time, _is_me, _is_read)VALUES ('f97eb450a7d57b9dd7a9c0a56f09fd59', 'c3f5deb8-dd03-4d07-90c9-7a59061bd83f', '2a8ad34d-f64e-4385-b39a-ed80fabce86e', 'f97eb450a7d57b9dd7a9c0a56f09fd59', 1581860924627, '在吗', 1581860924627, 1581860924627, true,true);
INSERT INTO _message_list (_room_id, _room_type, _message_id, _message_type, _event_id, _time)VALUES ('f97eb450a7d57b9dd7a9c0a56f09fd59', '_p2p', 'c3f5deb8-dd03-4d07-90c9-7a59061bd83f', '_text', '2a8ad34d-f64e-4385-b39a-ed80fabce86e', 1581860924627);
INSERT INTO _message_text (_room_id, _message_id, _event_id, _sender_id, _time, _text_content, _message_sender_time, _message_receive_time, _is_me, _is_read)VALUES ('89575ebc716859c6c9e4f0cf945f30f8', 'c6a0f9dc-e3f0-4111-8608-6a6b2f6c6cb2', 'fb2bfc68-ea5d-4a6c-b699-e001530d457b', '89575ebc716859c6c9e4f0cf945f30f8', 1581860924627, '在吗', 1581860924627, 1581860924627, true,true);
INSERT INTO _message_list (_room_id, _room_type, _message_id, _message_type, _event_id, _time)VALUES ('89575ebc716859c6c9e4f0cf945f30f8', '_p2p', 'c6a0f9dc-e3f0-4111-8608-6a6b2f6c6cb2', '_text', 'fb2bfc68-ea5d-4a6c-b699-e001530d457b', 1581860924627);
INSERT INTO _message_text (_room_id, _message_id, _event_id, _sender_id, _time, _text_content, _message_sender_time, _message_receive_time, _is_me, _is_read)VALUES ('57ee51c026dcde9b76da928a5fae0c88', '5f2589d9-0c0d-4c85-8ad3-8326030bfb47', '00c14759-53b0-4156-8353-351941f1720a', '57ee51c026dcde9b76da928a5fae0c88', 1581860924627, '在吗', 1581860924627, 1581860924627, true,true);
INSERT INTO _message_list (_room_id, _room_type, _message_id, _message_type, _event_id, _time)VALUES ('57ee51c026dcde9b76da928a5fae0c88', '_p2p', '5f2589d9-0c0d-4c85-8ad3-8326030bfb47', '_text', '00c14759-53b0-4156-8353-351941f1720a', 1581860924627);
INSERT INTO _message_text (_room_id, _message_id, _event_id, _sender_id, _time, _text_content, _message_sender_time, _message_receive_time, _is_me, _is_read)VALUES ('022b51fc3803d95a2ab78dfa3d95306b', '349dabf5-7ec4-4ed6-8b4e-fdf2dcc49849', 'f2711f4b-1827-4eb4-9931-6ad295120ce6', '022b51fc3803d95a2ab78dfa3d95306b', 1581860924627, '在吗', 1581860924627, 1581860924627, true,true);
INSERT INTO _message_list (_room_id, _room_type, _message_id, _message_type, _event_id, _time)VALUES ('022b51fc3803d95a2ab78dfa3d95306b', '_p2p', '349dabf5-7ec4-4ed6-8b4e-fdf2dcc49849', '_text', 'f2711f4b-1827-4eb4-9931-6ad295120ce6', 1581860924627);
INSERT INTO _message_text (_room_id, _message_id, _event_id, _sender_id, _time, _text_content, _message_sender_time, _message_receive_time, _is_me, _is_read)VALUES ('cbef2e8173a5170e4a74f9fca0e0ee3e', '6aed4be7-07f0-4d0f-b7df-d26ef985c268', 'd5f85dac-8d09-41d9-bd58-26ce5b8d472b', 'cbef2e8173a5170e4a74f9fca0e0ee3e', 1581860924627, '在吗', 1581860924627, 1581860924627, true,true);
INSERT INTO _message_list (_room_id, _room_type, _message_id, _message_type, _event_id, _time)VALUES ('cbef2e8173a5170e4a74f9fca0e0ee3e', '_p2p', '6aed4be7-07f0-4d0f-b7df-d26ef985c268', '_text', 'd5f85dac-8d09-41d9-bd58-26ce5b8d472b', 1581860924627);
INSERT INTO _message_text (_room_id, _message_id, _event_id, _sender_id, _time, _text_content, _message_sender_time, _message_receive_time, _is_me, _is_read)VALUES ('e0c1fc513dca4b3e18bd1d4b4b36892c', 'de38e05f-a090-40b0-a451-2c576a0cc133', '4a10623b-2c1d-43f6-9ac1-b80425e5b133', 'e0c1fc513dca4b3e18bd1d4b4b36892c', 1581860924627, '在吗', 1581860924627, 1581860924627, true,true);
INSERT INTO _message_list (_room_id, _room_type, _message_id, _message_type, _event_id, _time)VALUES ('e0c1fc513dca4b3e18bd1d4b4b36892c', '_p2p', 'de38e05f-a090-40b0-a451-2c576a0cc133', '_text', '4a10623b-2c1d-43f6-9ac1-b80425e5b133', 1581860924627);
INSERT INTO _message_text (_room_id, _message_id, _event_id, _sender_id, _time, _text_content, _message_sender_time, _message_receive_time, _is_me, _is_read)VALUES ('1b47225375c170aa708f569aa62fe857', '8a61acbe-c3dc-4b3a-a477-1d13641b6ec1', '4f1d746e-0c86-4d90-afc7-f2eb98aa52ad', '1b47225375c170aa708f569aa62fe857', 1581860924627, '在吗', 1581860924627, 1581860924627, true,true);
INSERT INTO _message_list (_room_id, _room_type, _message_id, _message_type, _event_id, _time)VALUES ('1b47225375c170aa708f569aa62fe857', '_p2p', '8a61acbe-c3dc-4b3a-a477-1d13641b6ec1', '_text', '4f1d746e-0c86-4d90-afc7-f2eb98aa52ad', 1581860924627);
INSERT INTO _message_text (_room_id, _message_id, _event_id, _sender_id, _time, _text_content, _message_sender_time, _message_receive_time, _is_me, _is_read)VALUES ('834b983cf5662e030c36c87a43e07c07', '956f5e3e-db5c-467a-b6f3-d0f231daee25', 'f1a4e6f9-7fb4-4fcf-ac23-6f760a0748d6', '834b983cf5662e030c36c87a43e07c07', 1581860924627, '在吗', 1581860924627, 1581860924627, true,true);
INSERT INTO _message_list (_room_id, _room_type, _message_id, _message_type, _event_id, _time)VALUES ('834b983cf5662e030c36c87a43e07c07', '_p2p', '956f5e3e-db5c-467a-b6f3-d0f231daee25', '_text', 'f1a4e6f9-7fb4-4fcf-ac23-6f760a0748d6', 1581860924627);
INSERT INTO _message_text (_room_id, _message_id, _event_id, _sender_id, _time, _text_content, _message_sender_time, _message_receive_time, _is_me, _is_read)VALUES ('d6947a7f1c22df87e63f6f77fe41df47', '5255a6c4-3b0a-4110-8bb4-cd8a28517fe5', 'a7529817-a245-4c20-b766-91541c08d317', 'd6947a7f1c22df87e63f6f77fe41df47', 1581860924627, '在吗', 1581860924627, 1581860924627, true,true);
INSERT INTO _message_list (_room_id, _room_type, _message_id, _message_type, _event_id, _time)VALUES ('d6947a7f1c22df87e63f6f77fe41df47', '_p2p', '5255a6c4-3b0a-4110-8bb4-cd8a28517fe5', '_text', 'a7529817-a245-4c20-b766-91541c08d317', 1581860924627);
INSERT INTO _message_text (_room_id, _message_id, _event_id, _sender_id, _time, _text_content, _message_sender_time, _message_receive_time, _is_me, _is_read)VALUES ('8e5c71b96acca5306d7e9b675f05fc50', 'e63e36d8-0a5f-4acf-9faa-7efc87f71c0c', '2367246c-70db-427e-a95e-d43a5b6b1640', '8e5c71b96acca5306d7e9b675f05fc50', 1581860924627, '在吗', 1581860924627, 1581860924627, true,true);
INSERT INTO _message_list (_room_id, _room_type, _message_id, _message_type, _event_id, _time)VALUES ('8e5c71b96acca5306d7e9b675f05fc50', '_p2p', 'e63e36d8-0a5f-4acf-9faa-7efc87f71c0c', '_text', '2367246c-70db-427e-a95e-d43a5b6b1640', 1581860924627);
INSERT INTO _message_text (_room_id, _message_id, _event_id, _sender_id, _time, _text_content, _message_sender_time, _message_receive_time, _is_me, _is_read)VALUES ('d4014c0566a4002e8001358a9a759dcd', '4d1daf4d-ed01-4cba-b7df-24db74e04961', 'b87ecede-a448-4d4b-b266-8494227d725d', 'd4014c0566a4002e8001358a9a759dcd', 1581860924627, '在吗', 1581860924627, 1581860924627, true,true);
INSERT INTO _message_list (_room_id, _room_type, _message_id, _message_type, _event_id, _time)VALUES ('d4014c0566a4002e8001358a9a759dcd', '_p2p', '4d1daf4d-ed01-4cba-b7df-24db74e04961', '_text', 'b87ecede-a448-4d4b-b266-8494227d725d', 1581860924627);
INSERT INTO _message_text (_room_id, _message_id, _event_id, _sender_id, _time, _text_content, _message_sender_time, _message_receive_time, _is_me, _is_read)VALUES ('a7293e9bcd28c21e46bf0233d773d31a', 'feaa85e3-b3c2-43bb-ac05-d938d037a6ff', 'b3934e8a-399e-4581-98ef-a1a2b04de9de', 'a7293e9bcd28c21e46bf0233d773d31a', 1581860924628, '在吗', 1581860924628, 1581860924628, true,true);
INSERT INTO _message_list (_room_id, _room_type, _message_id, _message_type, _event_id, _time)VALUES ('a7293e9bcd28c21e46bf0233d773d31a', '_p2p', 'feaa85e3-b3c2-43bb-ac05-d938d037a6ff', '_text', 'b3934e8a-399e-4581-98ef-a1a2b04de9de', 1581860924628);
INSERT INTO _message_text (_room_id, _message_id, _event_id, _sender_id, _time, _text_content, _message_sender_time, _message_receive_time, _is_me, _is_read)VALUES ('f9ca6c5adb87b2341ba7e18d7b1c28ca', 'db29527a-6821-4282-bee6-803f60a520e3', '8370c90c-c381-44a2-b680-3c50fc416baa', 'f9ca6c5adb87b2341ba7e18d7b1c28ca', 1581860924628, '在吗', 1581860924628, 1581860924628, true,true);
INSERT INTO _message_list (_room_id, _room_type, _message_id, _message_type, _event_id, _time)VALUES ('f9ca6c5adb87b2341ba7e18d7b1c28ca', '_p2p', 'db29527a-6821-4282-bee6-803f60a520e3', '_text', '8370c90c-c381-44a2-b680-3c50fc416baa', 1581860924628);
INSERT INTO _message_text (_room_id, _message_id, _event_id, _sender_id, _time, _text_content, _message_sender_time, _message_receive_time, _is_me, _is_read)VALUES ('311e931e63400487591ead0d3be31a5c', '02c3dd42-9ad0-4ed6-afd4-db2d3eb4de00', 'bc2985ce-51cb-4bb0-b45a-47e06f642dfb', '311e931e63400487591ead0d3be31a5c', 1581860924628, '在吗', 1581860924628, 1581860924628, true,true);
INSERT INTO _message_list (_room_id, _room_type, _message_id, _message_type, _event_id, _time)VALUES ('311e931e63400487591ead0d3be31a5c', '_p2p', '02c3dd42-9ad0-4ed6-afd4-db2d3eb4de00', '_text', 'bc2985ce-51cb-4bb0-b45a-47e06f642dfb', 1581860924628);
INSERT INTO _message_text (_room_id, _message_id, _event_id, _sender_id, _time, _text_content, _message_sender_time, _message_receive_time, _is_me, _is_read)VALUES ('ffb031550e9681adbe2223cc408d48fc', '607f5212-92d7-4ef0-beb2-70cf33e0d926', '0dc546e6-ab98-43f9-bb48-af66bf252d50', 'ffb031550e9681adbe2223cc408d48fc', 1581860924628, '在吗', 1581860924628, 1581860924628, true,true);
INSERT INTO _message_list (_room_id, _room_type, _message_id, _message_type, _event_id, _time)VALUES ('ffb031550e9681adbe2223cc408d48fc', '_p2p', '607f5212-92d7-4ef0-beb2-70cf33e0d926', '_text', '0dc546e6-ab98-43f9-bb48-af66bf252d50', 1581860924628);
INSERT INTO _message_text (_room_id, _message_id, _event_id, _sender_id, _time, _text_content, _message_sender_time, _message_receive_time, _is_me, _is_read)VALUES ('476f69e69b896a138b03b675cce85739', '59b9e5af-ff48-43f5-b63b-832490fd8a80', '8d4354bc-25a1-4f94-b5d4-74ed3060b8a5', '476f69e69b896a138b03b675cce85739', 1581860924628, '在吗', 1581860924628, 1581860924628, true,true);
INSERT INTO _message_list (_room_id, _room_type, _message_id, _message_type, _event_id, _time)VALUES ('476f69e69b896a138b03b675cce85739', '_p2p', '59b9e5af-ff48-43f5-b63b-832490fd8a80', '_text', '8d4354bc-25a1-4f94-b5d4-74ed3060b8a5', 1581860924628);
INSERT INTO _message_text (_room_id, _message_id, _event_id, _sender_id, _time, _text_content, _message_sender_time, _message_receive_time, _is_me, _is_read)VALUES ('25c887001b9d54b3d049e8de0b494466', '6cb4d1f4-ba1b-461b-a67f-0adbb9122838', 'a8c1a3bf-aa26-4009-9403-9800b6d79ddc', '25c887001b9d54b3d049e8de0b494466', 1581860924628, '在吗', 1581860924628, 1581860924628, true,true);
INSERT INTO _message_list (_room_id, _room_type, _message_id, _message_type, _event_id, _time)VALUES ('25c887001b9d54b3d049e8de0b494466', '_p2p', '6cb4d1f4-ba1b-461b-a67f-0adbb9122838', '_text', 'a8c1a3bf-aa26-4009-9403-9800b6d79ddc', 1581860924628);
INSERT INTO _message_text (_room_id, _message_id, _event_id, _sender_id, _time, _text_content, _message_sender_time, _message_receive_time, _is_me, _is_read)VALUES ('d95a94515fec89cf011d781b925c80d9', '31f23597-33db-451d-91eb-b5e649df328e', 'c0777827-60ab-45df-8224-f9afaf2a6e67', 'd95a94515fec89cf011d781b925c80d9', 1581860924628, '在吗', 1581860924628, 1581860924628, true,true);
INSERT INTO _message_list (_room_id, _room_type, _message_id, _message_type, _event_id, _time)VALUES ('d95a94515fec89cf011d781b925c80d9', '_p2p', '31f23597-33db-451d-91eb-b5e649df328e', '_text', 'c0777827-60ab-45df-8224-f9afaf2a6e67', 1581860924628);
INSERT INTO _message_text (_room_id, _message_id, _event_id, _sender_id, _time, _text_content, _message_sender_time, _message_receive_time, _is_me, _is_read)VALUES ('53b3deba6bea1fa9efa5508dabf317cb', '22b7eb66-1db0-462f-a3d3-d9a6dbeed7fb', 'fc206690-1837-433b-ade7-d1efdb1495f3', '53b3deba6bea1fa9efa5508dabf317cb', 1581860924628, '在吗', 1581860924628, 1581860924628, true,true);
INSERT INTO _message_list (_room_id, _room_type, _message_id, _message_type, _event_id, _time)VALUES ('53b3deba6bea1fa9efa5508dabf317cb', '_p2p', '22b7eb66-1db0-462f-a3d3-d9a6dbeed7fb', '_text', 'fc206690-1837-433b-ade7-d1efdb1495f3', 1581860924628);
INSERT INTO _message_text (_room_id, _message_id, _event_id, _sender_id, _time, _text_content, _message_sender_time, _message_receive_time, _is_me, _is_read)VALUES ('bddd3952e9ea5626fcc04dfdc54a83e0', '8c5a7bbc-0780-4b5c-85a1-12295f6ac98b', '1506b38b-3a92-4b57-bdf9-286b86a7677b', 'bddd3952e9ea5626fcc04dfdc54a83e0', 1581860924628, '在吗', 1581860924628, 1581860924628, true,true);
INSERT INTO _message_list (_room_id, _room_type, _message_id, _message_type, _event_id, _time)VALUES ('bddd3952e9ea5626fcc04dfdc54a83e0', '_p2p', '8c5a7bbc-0780-4b5c-85a1-12295f6ac98b', '_text', '1506b38b-3a92-4b57-bdf9-286b86a7677b', 1581860924628);
INSERT INTO _message_text (_room_id, _message_id, _event_id, _sender_id, _time, _text_content, _message_sender_time, _message_receive_time, _is_me, _is_read)VALUES ('29c799c72e13f5bd7af95c60b4187318', '1a265560-80d1-4b7b-a335-13d2a4a20e26', 'bac8abef-5f0a-422f-b12e-2beec600713d', '29c799c72e13f5bd7af95c60b4187318', 1581860924628, '在吗', 1581860924628, 1581860924628, true,true);
INSERT INTO _message_list (_room_id, _room_type, _message_id, _message_type, _event_id, _time)VALUES ('29c799c72e13f5bd7af95c60b4187318', '_p2p', '1a265560-80d1-4b7b-a335-13d2a4a20e26', '_text', 'bac8abef-5f0a-422f-b12e-2beec600713d', 1581860924628);
INSERT INTO _message_text (_room_id, _message_id, _event_id, _sender_id, _time, _text_content, _message_sender_time, _message_receive_time, _is_me, _is_read)VALUES ('8a2b4a39081ff324410e6669261d6ba1', '9530a8fd-e963-4933-807a-69f24bba8c39', '48190f77-b8eb-4856-8529-2eaed8858375', '8a2b4a39081ff324410e6669261d6ba1', 1581860924628, '在吗', 1581860924628, 1581860924628, true,true);
INSERT INTO _message_list (_room_id, _room_type, _message_id, _message_type, _event_id, _time)VALUES ('8a2b4a39081ff324410e6669261d6ba1', '_p2p', '9530a8fd-e963-4933-807a-69f24bba8c39', '_text', '48190f77-b8eb-4856-8529-2eaed8858375', 1581860924628);
INSERT INTO _message_text (_room_id, _message_id, _event_id, _sender_id, _time, _text_content, _message_sender_time, _message_receive_time, _is_me, _is_read)VALUES ('1ff223d3f53440cb7668f66a620fa600', '12bd0aa6-6101-419f-bef3-928670782405', '264c6644-03ae-41cd-b238-a8f19ee2f505', '1ff223d3f53440cb7668f66a620fa600', 1581860924628, '在', 1581860924628, 1581860924628, true,true);
INSERT INTO _message_list (_room_id, _room_type, _message_id, _message_type, _event_id, _time)VALUES ('1ff223d3f53440cb7668f66a620fa600', '_p2p', '12bd0aa6-6101-419f-bef3-928670782405', '_text', '264c6644-03ae-41cd-b238-a8f19ee2f505', 1581860924628);
INSERT INTO _message_text (_room_id, _message_id, _event_id, _sender_id, _time, _text_content, _message_sender_time, _message_receive_time, _is_me, _is_read)VALUES ('951c99b7dd061ea49e26c077b2f758c4', '65229748-cdda-4a1b-8db3-1205b608a16b', '9f5d93c6-6f2e-4e65-9017-aa91a1f914df', '951c99b7dd061ea49e26c077b2f758c4', 1581860924628, '在', 1581860924628, 1581860924628, true,true);
INSERT INTO _message_list (_room_id, _room_type, _message_id, _message_type, _event_id, _time)VALUES ('951c99b7dd061ea49e26c077b2f758c4', '_p2p', '65229748-cdda-4a1b-8db3-1205b608a16b', '_text', '9f5d93c6-6f2e-4e65-9017-aa91a1f914df', 1581860924628);
INSERT INTO _message_text (_room_id, _message_id, _event_id, _sender_id, _time, _text_content, _message_sender_time, _message_receive_time, _is_me, _is_read)VALUES ('5c7cff1e4c8f6cd7002f682edbcda83d', '1bca945b-94ff-425b-a308-0e62481c87d7', '2af0e68b-a855-40cf-a8ce-e68328c0cb30', '5c7cff1e4c8f6cd7002f682edbcda83d', 1581860924628, '在', 1581860924628, 1581860924628, true,true);
INSERT INTO _message_list (_room_id, _room_type, _message_id, _message_type, _event_id, _time)VALUES ('5c7cff1e4c8f6cd7002f682edbcda83d', '_p2p', '1bca945b-94ff-425b-a308-0e62481c87d7', '_text', '2af0e68b-a855-40cf-a8ce-e68328c0cb30', 1581860924628);
INSERT INTO _message_text (_room_id, _message_id, _event_id, _sender_id, _time, _text_content, _message_sender_time, _message_receive_time, _is_me, _is_read)VALUES ('c1343f89226147cf66e07a291b30cece', '7a62513d-d63f-4912-89a6-f9ca1e82c41f', '219dbef6-b4a5-4453-a64a-3329e6cd379b', 'c1343f89226147cf66e07a291b30cece', 1581860924628, '在', 1581860924628, 1581860924628, true,true);
INSERT INTO _message_list (_room_id, _room_type, _message_id, _message_type, _event_id, _time)VALUES ('c1343f89226147cf66e07a291b30cece', '_p2p', '7a62513d-d63f-4912-89a6-f9ca1e82c41f', '_text', '219dbef6-b4a5-4453-a64a-3329e6cd379b', 1581860924628);
INSERT INTO _message_text (_room_id, _message_id, _event_id, _sender_id, _time, _text_content, _message_sender_time, _message_receive_time, _is_me, _is_read)VALUES ('f97eb450a7d57b9dd7a9c0a56f09fd59', 'a10cecd2-cdf8-48b9-821e-1423291860f6', 'dc6beb6b-2bcb-4cbb-8154-6ce2ebeaeca1', 'f97eb450a7d57b9dd7a9c0a56f09fd59', 1581860924628, '在', 1581860924628, 1581860924628, true,true);
INSERT INTO _message_list (_room_id, _room_type, _message_id, _message_type, _event_id, _time)VALUES ('f97eb450a7d57b9dd7a9c0a56f09fd59', '_p2p', 'a10cecd2-cdf8-48b9-821e-1423291860f6', '_text', 'dc6beb6b-2bcb-4cbb-8154-6ce2ebeaeca1', 1581860924628);
INSERT INTO _message_text (_room_id, _message_id, _event_id, _sender_id, _time, _text_content, _message_sender_time, _message_receive_time, _is_me, _is_read)VALUES ('89575ebc716859c6c9e4f0cf945f30f8', '0794a548-c4bc-40ca-a89d-ab688dbbeffa', '4172e7c8-c08b-4bdc-a2e7-71064c3e5699', '89575ebc716859c6c9e4f0cf945f30f8', 1581860924628, '在', 1581860924628, 1581860924628, true,true);
INSERT INTO _message_list (_room_id, _room_type, _message_id, _message_type, _event_id, _time)VALUES ('89575ebc716859c6c9e4f0cf945f30f8', '_p2p', '0794a548-c4bc-40ca-a89d-ab688dbbeffa', '_text', '4172e7c8-c08b-4bdc-a2e7-71064c3e5699', 1581860924628);
INSERT INTO _message_text (_room_id, _message_id, _event_id, _sender_id, _time, _text_content, _message_sender_time, _message_receive_time, _is_me, _is_read)VALUES ('57ee51c026dcde9b76da928a5fae0c88', 'c5a1a919-f7f9-4f90-8de3-fd65bdcee48e', '9e9d6c64-98f2-4e55-8f48-ef0a84d40160', '57ee51c026dcde9b76da928a5fae0c88', 1581860924628, '在', 1581860924628, 1581860924628, true,true);
INSERT INTO _message_list (_room_id, _room_type, _message_id, _message_type, _event_id, _time)VALUES ('57ee51c026dcde9b76da928a5fae0c88', '_p2p', 'c5a1a919-f7f9-4f90-8de3-fd65bdcee48e', '_text', '9e9d6c64-98f2-4e55-8f48-ef0a84d40160', 1581860924628);
INSERT INTO _message_text (_room_id, _message_id, _event_id, _sender_id, _time, _text_content, _message_sender_time, _message_receive_time, _is_me, _is_read)VALUES ('022b51fc3803d95a2ab78dfa3d95306b', '4d1388ea-b25c-4d0a-8002-75f64f952a98', '0740bd9a-0a20-471a-af3e-7f233b0ca427', '022b51fc3803d95a2ab78dfa3d95306b', 1581860924628, '在', 1581860924628, 1581860924628, true,true);
INSERT INTO _message_list (_room_id, _room_type, _message_id, _message_type, _event_id, _time)VALUES ('022b51fc3803d95a2ab78dfa3d95306b', '_p2p', '4d1388ea-b25c-4d0a-8002-75f64f952a98', '_text', '0740bd9a-0a20-471a-af3e-7f233b0ca427', 1581860924628);
INSERT INTO _message_text (_room_id, _message_id, _event_id, _sender_id, _time, _text_content, _message_sender_time, _message_receive_time, _is_me, _is_read)VALUES ('cbef2e8173a5170e4a74f9fca0e0ee3e', '1c8844fd-f8d7-455c-96dd-adb9c52b34f0', '8c10ca93-b11f-4b56-95ae-0acd6085044a', 'cbef2e8173a5170e4a74f9fca0e0ee3e', 1581860924628, '在', 1581860924628, 1581860924628, true,true);
INSERT INTO _message_list (_room_id, _room_type, _message_id, _message_type, _event_id, _time)VALUES ('cbef2e8173a5170e4a74f9fca0e0ee3e', '_p2p', '1c8844fd-f8d7-455c-96dd-adb9c52b34f0', '_text', '8c10ca93-b11f-4b56-95ae-0acd6085044a', 1581860924628);
INSERT INTO _message_text (_room_id, _message_id, _event_id, _sender_id, _time, _text_content, _message_sender_time, _message_receive_time, _is_me, _is_read)VALUES ('e0c1fc513dca4b3e18bd1d4b4b36892c', '5271fb9c-ed74-4166-9590-399cc6622579', '584240b3-a358-47b0-9ae5-71fda6e2d0d0', 'e0c1fc513dca4b3e18bd1d4b4b36892c', 1581860924628, '在', 1581860924628, 1581860924628, true,true);
INSERT INTO _message_list (_room_id, _room_type, _message_id, _message_type, _event_id, _time)VALUES ('e0c1fc513dca4b3e18bd1d4b4b36892c', '_p2p', '5271fb9c-ed74-4166-9590-399cc6622579', '_text', '584240b3-a358-47b0-9ae5-71fda6e2d0d0', 1581860924628);
INSERT INTO _message_text (_room_id, _message_id, _event_id, _sender_id, _time, _text_content, _message_sender_time, _message_receive_time, _is_me, _is_read)VALUES ('1b47225375c170aa708f569aa62fe857', 'b478b573-1e06-4262-a4a6-4b8e6f651379', 'f51cd916-d20c-42b1-a6b6-1f8ad5e577af', '1b47225375c170aa708f569aa62fe857', 1581860924628, '在', 1581860924628, 1581860924628, true,true);
INSERT INTO _message_list (_room_id, _room_type, _message_id, _message_type, _event_id, _time)VALUES ('1b47225375c170aa708f569aa62fe857', '_p2p', 'b478b573-1e06-4262-a4a6-4b8e6f651379', '_text', 'f51cd916-d20c-42b1-a6b6-1f8ad5e577af', 1581860924628);
INSERT INTO _message_text (_room_id, _message_id, _event_id, _sender_id, _time, _text_content, _message_sender_time, _message_receive_time, _is_me, _is_read)VALUES ('834b983cf5662e030c36c87a43e07c07', '2dc7b648-998b-4d0e-98f1-c15551fc82ad', 'fe0a8f1e-bf2a-427b-9092-cfee4527f238', '834b983cf5662e030c36c87a43e07c07', 1581860924629, '在', 1581860924629, 1581860924629, true,true);
INSERT INTO _message_list (_room_id, _room_type, _message_id, _message_type, _event_id, _time)VALUES ('834b983cf5662e030c36c87a43e07c07', '_p2p', '2dc7b648-998b-4d0e-98f1-c15551fc82ad', '_text', 'fe0a8f1e-bf2a-427b-9092-cfee4527f238', 1581860924629);
INSERT INTO _message_text (_room_id, _message_id, _event_id, _sender_id, _time, _text_content, _message_sender_time, _message_receive_time, _is_me, _is_read)VALUES ('d6947a7f1c22df87e63f6f77fe41df47', '7cb53475-41a0-4f49-87e4-f73f626b3155', '428d320d-215f-4136-81db-b0b6564b8f15', 'd6947a7f1c22df87e63f6f77fe41df47', 1581860924629, '在', 1581860924629, 1581860924629, true,true);
INSERT INTO _message_list (_room_id, _room_type, _message_id, _message_type, _event_id, _time)VALUES ('d6947a7f1c22df87e63f6f77fe41df47', '_p2p', '7cb53475-41a0-4f49-87e4-f73f626b3155', '_text', '428d320d-215f-4136-81db-b0b6564b8f15', 1581860924629);
INSERT INTO _message_text (_room_id, _message_id, _event_id, _sender_id, _time, _text_content, _message_sender_time, _message_receive_time, _is_me, _is_read)VALUES ('8e5c71b96acca5306d7e9b675f05fc50', '5ea849f4-f052-4df0-a7b5-cf43e4a2e486', '90e0fc54-4111-44c3-8de2-5fa2544f22d4', '8e5c71b96acca5306d7e9b675f05fc50', 1581860924629, '在', 1581860924629, 1581860924629, true,true);
INSERT INTO _message_list (_room_id, _room_type, _message_id, _message_type, _event_id, _time)VALUES ('8e5c71b96acca5306d7e9b675f05fc50', '_p2p', '5ea849f4-f052-4df0-a7b5-cf43e4a2e486', '_text', '90e0fc54-4111-44c3-8de2-5fa2544f22d4', 1581860924629);
INSERT INTO _message_text (_room_id, _message_id, _event_id, _sender_id, _time, _text_content, _message_sender_time, _message_receive_time, _is_me, _is_read)VALUES ('d4014c0566a4002e8001358a9a759dcd', 'ffeb32a1-3c8b-41ba-b4e4-6d2cf10a895e', 'f8dfc0e4-e915-474e-8282-299ed39cd205', 'd4014c0566a4002e8001358a9a759dcd', 1581860924629, '在', 1581860924629, 1581860924629, true,true);
INSERT INTO _message_list (_room_id, _room_type, _message_id, _message_type, _event_id, _time)VALUES ('d4014c0566a4002e8001358a9a759dcd', '_p2p', 'ffeb32a1-3c8b-41ba-b4e4-6d2cf10a895e', '_text', 'f8dfc0e4-e915-474e-8282-299ed39cd205', 1581860924629);
INSERT INTO _message_text (_room_id, _message_id, _event_id, _sender_id, _time, _text_content, _message_sender_time, _message_receive_time, _is_me, _is_read)VALUES ('a7293e9bcd28c21e46bf0233d773d31a', '30757a49-f743-4138-b7d2-ee591136e978', '2a230c6b-8397-475b-83da-af6a651c6765', 'a7293e9bcd28c21e46bf0233d773d31a', 1581860924629, '在', 1581860924629, 1581860924629, true,true);
INSERT INTO _message_list (_room_id, _room_type, _message_id, _message_type, _event_id, _time)VALUES ('a7293e9bcd28c21e46bf0233d773d31a', '_p2p', '30757a49-f743-4138-b7d2-ee591136e978', '_text', '2a230c6b-8397-475b-83da-af6a651c6765', 1581860924629);
INSERT INTO _message_text (_room_id, _message_id, _event_id, _sender_id, _time, _text_content, _message_sender_time, _message_receive_time, _is_me, _is_read)VALUES ('f9ca6c5adb87b2341ba7e18d7b1c28ca', '5e27d811-d3e7-4a66-8ca8-5e3b03f1a378', 'cf08ae91-205f-46b6-9a85-8379e59831cd', 'f9ca6c5adb87b2341ba7e18d7b1c28ca', 1581860924629, '在', 1581860924629, 1581860924629, true,true);
INSERT INTO _message_list (_room_id, _room_type, _message_id, _message_type, _event_id, _time)VALUES ('f9ca6c5adb87b2341ba7e18d7b1c28ca', '_p2p', '5e27d811-d3e7-4a66-8ca8-5e3b03f1a378', '_text', 'cf08ae91-205f-46b6-9a85-8379e59831cd', 1581860924629);
INSERT INTO _message_text (_room_id, _message_id, _event_id, _sender_id, _time, _text_content, _message_sender_time, _message_receive_time, _is_me, _is_read)VALUES ('311e931e63400487591ead0d3be31a5c', '307fa65b-9cdf-46c6-a3cc-0142796bbe12', '96adc9a2-9c35-4cdb-9085-ccb43869aa51', '311e931e63400487591ead0d3be31a5c', 1581860924629, '在', 1581860924629, 1581860924629, true,true);
INSERT INTO _message_list (_room_id, _room_type, _message_id, _message_type, _event_id, _time)VALUES ('311e931e63400487591ead0d3be31a5c', '_p2p', '307fa65b-9cdf-46c6-a3cc-0142796bbe12', '_text', '96adc9a2-9c35-4cdb-9085-ccb43869aa51', 1581860924629);
INSERT INTO _message_text (_room_id, _message_id, _event_id, _sender_id, _time, _text_content, _message_sender_time, _message_receive_time, _is_me, _is_read)VALUES ('ffb031550e9681adbe2223cc408d48fc', '6910326a-989b-40e8-95f5-d4e9d6981b93', '34982314-d452-4772-af9b-09b441701377', 'ffb031550e9681adbe2223cc408d48fc', 1581860924629, '在', 1581860924629, 1581860924629, true,true);
INSERT INTO _message_list (_room_id, _room_type, _message_id, _message_type, _event_id, _time)VALUES ('ffb031550e9681adbe2223cc408d48fc', '_p2p', '6910326a-989b-40e8-95f5-d4e9d6981b93', '_text', '34982314-d452-4772-af9b-09b441701377', 1581860924629);
INSERT INTO _message_text (_room_id, _message_id, _event_id, _sender_id, _time, _text_content, _message_sender_time, _message_receive_time, _is_me, _is_read)VALUES ('476f69e69b896a138b03b675cce85739', 'cffaa5b3-b950-4891-bacb-aee7798a5d67', 'd91b069b-dbf0-4ecb-92e1-0a20cf1a2131', '476f69e69b896a138b03b675cce85739', 1581860924629, '在', 1581860924629, 1581860924629, true,true);
INSERT INTO _message_list (_room_id, _room_type, _message_id, _message_type, _event_id, _time)VALUES ('476f69e69b896a138b03b675cce85739', '_p2p', 'cffaa5b3-b950-4891-bacb-aee7798a5d67', '_text', 'd91b069b-dbf0-4ecb-92e1-0a20cf1a2131', 1581860924629);
INSERT INTO _message_text (_room_id, _message_id, _event_id, _sender_id, _time, _text_content, _message_sender_time, _message_receive_time, _is_me, _is_read)VALUES ('25c887001b9d54b3d049e8de0b494466', 'f1351a97-45ef-4727-b85f-4161f8ae1b5b', '7447d073-b05d-43b2-989d-70f09b78c540', '25c887001b9d54b3d049e8de0b494466', 1581860924630, '在', 1581860924630, 1581860924630, true,true);
INSERT INTO _message_list (_room_id, _room_type, _message_id, _message_type, _event_id, _time)VALUES ('25c887001b9d54b3d049e8de0b494466', '_p2p', 'f1351a97-45ef-4727-b85f-4161f8ae1b5b', '_text', '7447d073-b05d-43b2-989d-70f09b78c540', 1581860924630);
INSERT INTO _message_text (_room_id, _message_id, _event_id, _sender_id, _time, _text_content, _message_sender_time, _message_receive_time, _is_me, _is_read)VALUES ('d95a94515fec89cf011d781b925c80d9', 'a37e9bea-4c89-441a-aab0-a6e05cca85cd', '6fed2cb7-d1ad-4b69-81ea-bec572220c3e', 'd95a94515fec89cf011d781b925c80d9', 1581860924630, '在', 1581860924630, 1581860924630, true,true);
INSERT INTO _message_list (_room_id, _room_type, _message_id, _message_type, _event_id, _time)VALUES ('d95a94515fec89cf011d781b925c80d9', '_p2p', 'a37e9bea-4c89-441a-aab0-a6e05cca85cd', '_text', '6fed2cb7-d1ad-4b69-81ea-bec572220c3e', 1581860924630);
INSERT INTO _message_text (_room_id, _message_id, _event_id, _sender_id, _time, _text_content, _message_sender_time, _message_receive_time, _is_me, _is_read)VALUES ('53b3deba6bea1fa9efa5508dabf317cb', 'cd9ef955-4f25-4b1c-b7fa-d7de7fdb0432', 'c09aec1c-634d-4ba6-87d8-0e59290db3a9', '53b3deba6bea1fa9efa5508dabf317cb', 1581860924630, '在', 1581860924630, 1581860924630, true,true);
INSERT INTO _message_list (_room_id, _room_type, _message_id, _message_type, _event_id, _time)VALUES ('53b3deba6bea1fa9efa5508dabf317cb', '_p2p', 'cd9ef955-4f25-4b1c-b7fa-d7de7fdb0432', '_text', 'c09aec1c-634d-4ba6-87d8-0e59290db3a9', 1581860924630);
INSERT INTO _message_text (_room_id, _message_id, _event_id, _sender_id, _time, _text_content, _message_sender_time, _message_receive_time, _is_me, _is_read)VALUES ('bddd3952e9ea5626fcc04dfdc54a83e0', 'e60fea99-c131-4a19-82b8-1640e58f9dd1', '757027fa-9e1a-4b27-bca9-a585d7a47f4c', 'bddd3952e9ea5626fcc04dfdc54a83e0', 1581860924630, '在', 1581860924630, 1581860924630, true,true);
INSERT INTO _message_list (_room_id, _room_type, _message_id, _message_type, _event_id, _time)VALUES ('bddd3952e9ea5626fcc04dfdc54a83e0', '_p2p', 'e60fea99-c131-4a19-82b8-1640e58f9dd1', '_text', '757027fa-9e1a-4b27-bca9-a585d7a47f4c', 1581860924630);
INSERT INTO _message_text (_room_id, _message_id, _event_id, _sender_id, _time, _text_content, _message_sender_time, _message_receive_time, _is_me, _is_read)VALUES ('29c799c72e13f5bd7af95c60b4187318', '0643df1d-70ad-4951-b3d2-6ac6352b02e0', '85226713-a42e-46d2-aa08-f4e386c8911b', '29c799c72e13f5bd7af95c60b4187318', 1581860924630, '在', 1581860924630, 1581860924630, true,true);
INSERT INTO _message_list (_room_id, _room_type, _message_id, _message_type, _event_id, _time)VALUES ('29c799c72e13f5bd7af95c60b4187318', '_p2p', '0643df1d-70ad-4951-b3d2-6ac6352b02e0', '_text', '85226713-a42e-46d2-aa08-f4e386c8911b', 1581860924630);
INSERT INTO _message_text (_room_id, _message_id, _event_id, _sender_id, _time, _text_content, _message_sender_time, _message_receive_time, _is_me, _is_read)VALUES ('8a2b4a39081ff324410e6669261d6ba1', 'bc41026f-9581-464e-ab30-0448ead68519', '4004f917-320d-4cf3-8c3a-cfcedbafc443', '8a2b4a39081ff324410e6669261d6ba1', 1581860924630, '在', 1581860924630, 1581860924630, true,true);
INSERT INTO _message_list (_room_id, _room_type, _message_id, _message_type, _event_id, _time)VALUES ('8a2b4a39081ff324410e6669261d6ba1', '_p2p', 'bc41026f-9581-464e-ab30-0448ead68519', '_text', '4004f917-320d-4cf3-8c3a-cfcedbafc443', 1581860924630);
INSERT INTO _message_text (_room_id, _message_id, _event_id, _sender_id, _time, _text_content, _message_sender_time, _message_receive_time, _is_me, _is_read)VALUES ('1ff223d3f53440cb7668f66a620fa600', '686ffbcd-cc99-466d-ba09-a5140875c3e7', '82d53ba1-35a6-418e-b4f4-d2087e435843', '1ff223d3f53440cb7668f66a620fa600', 1581860924630, '晚上好', 1581860924630, 1581860924630, true,true);
INSERT INTO _message_list (_room_id, _room_type, _message_id, _message_type, _event_id, _time)VALUES ('1ff223d3f53440cb7668f66a620fa600', '_p2p', '686ffbcd-cc99-466d-ba09-a5140875c3e7', '_text', '82d53ba1-35a6-418e-b4f4-d2087e435843', 1581860924630);
INSERT INTO _message_text (_room_id, _message_id, _event_id, _sender_id, _time, _text_content, _message_sender_time, _message_receive_time, _is_me, _is_read)VALUES ('951c99b7dd061ea49e26c077b2f758c4', 'afae0af7-5745-4e6a-9f9b-38544cb11f4a', 'a44754ee-f9ec-406f-b61f-ad1b7818a92e', '951c99b7dd061ea49e26c077b2f758c4', 1581860924630, '晚上好', 1581860924630, 1581860924630, true,true);
INSERT INTO _message_list (_room_id, _room_type, _message_id, _message_type, _event_id, _time)VALUES ('951c99b7dd061ea49e26c077b2f758c4', '_p2p', 'afae0af7-5745-4e6a-9f9b-38544cb11f4a', '_text', 'a44754ee-f9ec-406f-b61f-ad1b7818a92e', 1581860924630);
INSERT INTO _message_text (_room_id, _message_id, _event_id, _sender_id, _time, _text_content, _message_sender_time, _message_receive_time, _is_me, _is_read)VALUES ('5c7cff1e4c8f6cd7002f682edbcda83d', '71b6974b-230a-4a51-8488-dc79f19408ae', '85a691de-b2e0-4c52-9ade-6efa57bb97e9', '5c7cff1e4c8f6cd7002f682edbcda83d', 1581860924630, '晚上好', 1581860924630, 1581860924630, true,true);
INSERT INTO _message_list (_room_id, _room_type, _message_id, _message_type, _event_id, _time)VALUES ('5c7cff1e4c8f6cd7002f682edbcda83d', '_p2p', '71b6974b-230a-4a51-8488-dc79f19408ae', '_text', '85a691de-b2e0-4c52-9ade-6efa57bb97e9', 1581860924630);
INSERT INTO _message_text (_room_id, _message_id, _event_id, _sender_id, _time, _text_content, _message_sender_time, _message_receive_time, _is_me, _is_read)VALUES ('c1343f89226147cf66e07a291b30cece', '6e8d846f-261b-4742-bb61-915b9eae031a', '34ab8cf0-717d-4ba3-8354-32b0e4114612', 'c1343f89226147cf66e07a291b30cece', 1581860924630, '晚上好', 1581860924630, 1581860924630, true,true);
INSERT INTO _message_list (_room_id, _room_type, _message_id, _message_type, _event_id, _time)VALUES ('c1343f89226147cf66e07a291b30cece', '_p2p', '6e8d846f-261b-4742-bb61-915b9eae031a', '_text', '34ab8cf0-717d-4ba3-8354-32b0e4114612', 1581860924630);
INSERT INTO _message_text (_room_id, _message_id, _event_id, _sender_id, _time, _text_content, _message_sender_time, _message_receive_time, _is_me, _is_read)VALUES ('f97eb450a7d57b9dd7a9c0a56f09fd59', '4e9478d7-70f8-4499-a229-9f02a0b523ae', '9abbe937-fcd4-46a4-8709-1a1589c840d7', 'f97eb450a7d57b9dd7a9c0a56f09fd59', 1581860924630, '晚上好', 1581860924630, 1581860924630, true,true);
INSERT INTO _message_list (_room_id, _room_type, _message_id, _message_type, _event_id, _time)VALUES ('f97eb450a7d57b9dd7a9c0a56f09fd59', '_p2p', '4e9478d7-70f8-4499-a229-9f02a0b523ae', '_text', '9abbe937-fcd4-46a4-8709-1a1589c840d7', 1581860924630);
INSERT INTO _message_text (_room_id, _message_id, _event_id, _sender_id, _time, _text_content, _message_sender_time, _message_receive_time, _is_me, _is_read)VALUES ('89575ebc716859c6c9e4f0cf945f30f8', '2a447d23-4e1d-4594-b82d-16936da12e42', '645b2c99-57ab-4232-a5a5-5d34af3246bc', '89575ebc716859c6c9e4f0cf945f30f8', 1581860924630, '晚上好', 1581860924630, 1581860924630, true,true);
INSERT INTO _message_list (_room_id, _room_type, _message_id, _message_type, _event_id, _time)VALUES ('89575ebc716859c6c9e4f0cf945f30f8', '_p2p', '2a447d23-4e1d-4594-b82d-16936da12e42', '_text', '645b2c99-57ab-4232-a5a5-5d34af3246bc', 1581860924630);
INSERT INTO _message_text (_room_id, _message_id, _event_id, _sender_id, _time, _text_content, _message_sender_time, _message_receive_time, _is_me, _is_read)VALUES ('57ee51c026dcde9b76da928a5fae0c88', '8bcdecd5-7f33-4592-82f3-881055ec5c50', 'c7a22d9b-fe63-4d21-92dc-260405716f6f', '57ee51c026dcde9b76da928a5fae0c88', 1581860924630, '晚上好', 1581860924630, 1581860924630, true,true);
INSERT INTO _message_list (_room_id, _room_type, _message_id, _message_type, _event_id, _time)VALUES ('57ee51c026dcde9b76da928a5fae0c88', '_p2p', '8bcdecd5-7f33-4592-82f3-881055ec5c50', '_text', 'c7a22d9b-fe63-4d21-92dc-260405716f6f', 1581860924630);
INSERT INTO _message_text (_room_id, _message_id, _event_id, _sender_id, _time, _text_content, _message_sender_time, _message_receive_time, _is_me, _is_read)VALUES ('022b51fc3803d95a2ab78dfa3d95306b', 'c209ecbc-b35d-4c8c-8d36-79dac28f545b', 'bbc102e5-a817-4ff7-b89b-3aed84a517ba', '022b51fc3803d95a2ab78dfa3d95306b', 1581860924630, '晚上好', 1581860924630, 1581860924630, true,true);
INSERT INTO _message_list (_room_id, _room_type, _message_id, _message_type, _event_id, _time)VALUES ('022b51fc3803d95a2ab78dfa3d95306b', '_p2p', 'c209ecbc-b35d-4c8c-8d36-79dac28f545b', '_text', 'bbc102e5-a817-4ff7-b89b-3aed84a517ba', 1581860924630);
INSERT INTO _message_text (_room_id, _message_id, _event_id, _sender_id, _time, _text_content, _message_sender_time, _message_receive_time, _is_me, _is_read)VALUES ('cbef2e8173a5170e4a74f9fca0e0ee3e', 'd9daf6a9-30c2-4ff3-b862-dc6151da1d24', '338f19da-29ac-4b7b-9f85-e373fd5096af', 'cbef2e8173a5170e4a74f9fca0e0ee3e', 1581860924630, '晚上好', 1581860924630, 1581860924630, true,true);
INSERT INTO _message_list (_room_id, _room_type, _message_id, _message_type, _event_id, _time)VALUES ('cbef2e8173a5170e4a74f9fca0e0ee3e', '_p2p', 'd9daf6a9-30c2-4ff3-b862-dc6151da1d24', '_text', '338f19da-29ac-4b7b-9f85-e373fd5096af', 1581860924630);
INSERT INTO _message_text (_room_id, _message_id, _event_id, _sender_id, _time, _text_content, _message_sender_time, _message_receive_time, _is_me, _is_read)VALUES ('e0c1fc513dca4b3e18bd1d4b4b36892c', '2c1f6a1a-89d3-452d-ac4b-6e1228392391', '6d74bdcf-dcdf-407f-a74b-ee7522cb420f', 'e0c1fc513dca4b3e18bd1d4b4b36892c', 1581860924630, '晚上好', 1581860924630, 1581860924630, true,true);
INSERT INTO _message_list (_room_id, _room_type, _message_id, _message_type, _event_id, _time)VALUES ('e0c1fc513dca4b3e18bd1d4b4b36892c', '_p2p', '2c1f6a1a-89d3-452d-ac4b-6e1228392391', '_text', '6d74bdcf-dcdf-407f-a74b-ee7522cb420f', 1581860924630);
INSERT INTO _message_text (_room_id, _message_id, _event_id, _sender_id, _time, _text_content, _message_sender_time, _message_receive_time, _is_me, _is_read)VALUES ('1b47225375c170aa708f569aa62fe857', '006ade3f-897d-4cf2-a391-e0c8a6226a6d', '3225783f-9bf2-4fd6-97f2-95685bd71643', '1b47225375c170aa708f569aa62fe857', 1581860924630, '晚上好', 1581860924630, 1581860924630, true,true);
INSERT INTO _message_list (_room_id, _room_type, _message_id, _message_type, _event_id, _time)VALUES ('1b47225375c170aa708f569aa62fe857', '_p2p', '006ade3f-897d-4cf2-a391-e0c8a6226a6d', '_text', '3225783f-9bf2-4fd6-97f2-95685bd71643', 1581860924630);
INSERT INTO _message_text (_room_id, _message_id, _event_id, _sender_id, _time, _text_content, _message_sender_time, _message_receive_time, _is_me, _is_read)VALUES ('834b983cf5662e030c36c87a43e07c07', 'c9669795-a898-4406-b20a-73a56c6f0594', '33a847dd-9662-43b3-8fb4-79a4cd0834ca', '834b983cf5662e030c36c87a43e07c07', 1581860924630, '晚上好', 1581860924630, 1581860924630, true,true);
INSERT INTO _message_list (_room_id, _room_type, _message_id, _message_type, _event_id, _time)VALUES ('834b983cf5662e030c36c87a43e07c07', '_p2p', 'c9669795-a898-4406-b20a-73a56c6f0594', '_text', '33a847dd-9662-43b3-8fb4-79a4cd0834ca', 1581860924630);
INSERT INTO _message_text (_room_id, _message_id, _event_id, _sender_id, _time, _text_content, _message_sender_time, _message_receive_time, _is_me, _is_read)VALUES ('d6947a7f1c22df87e63f6f77fe41df47', 'baa45b87-e383-4044-9ce4-4e20e440909a', 'f4d90c80-1a44-4612-b6b7-31e51a4376c4', 'd6947a7f1c22df87e63f6f77fe41df47', 1581860924630, '晚上好', 1581860924630, 1581860924630, true,true);
INSERT INTO _message_list (_room_id, _room_type, _message_id, _message_type, _event_id, _time)VALUES ('d6947a7f1c22df87e63f6f77fe41df47', '_p2p', 'baa45b87-e383-4044-9ce4-4e20e440909a', '_text', 'f4d90c80-1a44-4612-b6b7-31e51a4376c4', 1581860924630);
INSERT INTO _message_text (_room_id, _message_id, _event_id, _sender_id, _time, _text_content, _message_sender_time, _message_receive_time, _is_me, _is_read)VALUES ('8e5c71b96acca5306d7e9b675f05fc50', 'a26390bf-0342-4531-b7c2-ec9aacee0e04', 'da949419-6a49-401e-bce9-fd7fc62c7d72', '8e5c71b96acca5306d7e9b675f05fc50', 1581860924630, '晚上好', 1581860924630, 1581860924630, true,true);
INSERT INTO _message_list (_room_id, _room_type, _message_id, _message_type, _event_id, _time)VALUES ('8e5c71b96acca5306d7e9b675f05fc50', '_p2p', 'a26390bf-0342-4531-b7c2-ec9aacee0e04', '_text', 'da949419-6a49-401e-bce9-fd7fc62c7d72', 1581860924630);
INSERT INTO _message_text (_room_id, _message_id, _event_id, _sender_id, _time, _text_content, _message_sender_time, _message_receive_time, _is_me, _is_read)VALUES ('d4014c0566a4002e8001358a9a759dcd', '03bdfc0b-f9bd-4b19-af1c-7602419ac2c9', '567511bf-8921-4855-9e04-37b955006e4b', 'd4014c0566a4002e8001358a9a759dcd', 1581860924630, '晚上好', 1581860924630, 1581860924630, true,true);
INSERT INTO _message_list (_room_id, _room_type, _message_id, _message_type, _event_id, _time)VALUES ('d4014c0566a4002e8001358a9a759dcd', '_p2p', '03bdfc0b-f9bd-4b19-af1c-7602419ac2c9', '_text', '567511bf-8921-4855-9e04-37b955006e4b', 1581860924630);
INSERT INTO _message_text (_room_id, _message_id, _event_id, _sender_id, _time, _text_content, _message_sender_time, _message_receive_time, _is_me, _is_read)VALUES ('a7293e9bcd28c21e46bf0233d773d31a', '2da1c1b1-ae46-40e9-bc14-65217e942cd9', '77207579-3fe7-4cb0-9ca5-5b21094af75f', 'a7293e9bcd28c21e46bf0233d773d31a', 1581860924630, '晚上好', 1581860924630, 1581860924630, true,true);
INSERT INTO _message_list (_room_id, _room_type, _message_id, _message_type, _event_id, _time)VALUES ('a7293e9bcd28c21e46bf0233d773d31a', '_p2p', '2da1c1b1-ae46-40e9-bc14-65217e942cd9', '_text', '77207579-3fe7-4cb0-9ca5-5b21094af75f', 1581860924630);
INSERT INTO _message_text (_room_id, _message_id, _event_id, _sender_id, _time, _text_content, _message_sender_time, _message_receive_time, _is_me, _is_read)VALUES ('f9ca6c5adb87b2341ba7e18d7b1c28ca', '52055b66-5513-4850-bfcf-bba736dbcd15', '725e86ec-1317-4cae-b87f-77c5e79030b4', 'f9ca6c5adb87b2341ba7e18d7b1c28ca', 1581860924630, '晚上好', 1581860924630, 1581860924630, true,true);
INSERT INTO _message_list (_room_id, _room_type, _message_id, _message_type, _event_id, _time)VALUES ('f9ca6c5adb87b2341ba7e18d7b1c28ca', '_p2p', '52055b66-5513-4850-bfcf-bba736dbcd15', '_text', '725e86ec-1317-4cae-b87f-77c5e79030b4', 1581860924630);
INSERT INTO _message_text (_room_id, _message_id, _event_id, _sender_id, _time, _text_content, _message_sender_time, _message_receive_time, _is_me, _is_read)VALUES ('311e931e63400487591ead0d3be31a5c', '147be082-b0e9-499b-8119-9a9f0d668454', '1ca64a4a-d18a-4d79-a7ad-af06be3822ec', '311e931e63400487591ead0d3be31a5c', 1581860924630, '晚上好', 1581860924630, 1581860924630, true,true);
INSERT INTO _message_list (_room_id, _room_type, _message_id, _message_type, _event_id, _time)VALUES ('311e931e63400487591ead0d3be31a5c', '_p2p', '147be082-b0e9-499b-8119-9a9f0d668454', '_text', '1ca64a4a-d18a-4d79-a7ad-af06be3822ec', 1581860924630);
INSERT INTO _message_text (_room_id, _message_id, _event_id, _sender_id, _time, _text_content, _message_sender_time, _message_receive_time, _is_me, _is_read)VALUES ('ffb031550e9681adbe2223cc408d48fc', 'c0e5d02c-316b-47b7-bbe4-cb9cd0e1259c', 'cb35d20a-6ec6-4bc6-ab65-87f80cf94e8c', 'ffb031550e9681adbe2223cc408d48fc', 1581860924630, '晚上好', 1581860924630, 1581860924630, true,true);
INSERT INTO _message_list (_room_id, _room_type, _message_id, _message_type, _event_id, _time)VALUES ('ffb031550e9681adbe2223cc408d48fc', '_p2p', 'c0e5d02c-316b-47b7-bbe4-cb9cd0e1259c', '_text', 'cb35d20a-6ec6-4bc6-ab65-87f80cf94e8c', 1581860924630);
INSERT INTO _message_text (_room_id, _message_id, _event_id, _sender_id, _time, _text_content, _message_sender_time, _message_receive_time, _is_me, _is_read)VALUES ('476f69e69b896a138b03b675cce85739', '24c2b264-e391-42c2-92f4-6a9bf8cb79fb', '25bed1ce-157b-4d44-9bfd-abd9353b8efd', '476f69e69b896a138b03b675cce85739', 1581860924630, '晚上好', 1581860924630, 1581860924630, true,true);
INSERT INTO _message_list (_room_id, _room_type, _message_id, _message_type, _event_id, _time)VALUES ('476f69e69b896a138b03b675cce85739', '_p2p', '24c2b264-e391-42c2-92f4-6a9bf8cb79fb', '_text', '25bed1ce-157b-4d44-9bfd-abd9353b8efd', 1581860924630);
INSERT INTO _message_text (_room_id, _message_id, _event_id, _sender_id, _time, _text_content, _message_sender_time, _message_receive_time, _is_me, _is_read)VALUES ('25c887001b9d54b3d049e8de0b494466', '82613372-2110-4183-836b-c17825973d55', '962b1435-a5af-43ec-9be9-a72accc94633', '25c887001b9d54b3d049e8de0b494466', 1581860924630, '晚上好', 1581860924630, 1581860924630, true,true);
INSERT INTO _message_list (_room_id, _room_type, _message_id, _message_type, _event_id, _time)VALUES ('25c887001b9d54b3d049e8de0b494466', '_p2p', '82613372-2110-4183-836b-c17825973d55', '_text', '962b1435-a5af-43ec-9be9-a72accc94633', 1581860924630);
INSERT INTO _message_text (_room_id, _message_id, _event_id, _sender_id, _time, _text_content, _message_sender_time, _message_receive_time, _is_me, _is_read)VALUES ('d95a94515fec89cf011d781b925c80d9', 'd2f0a40a-0a3b-44b1-beb6-92ee51d38225', '58077220-b345-4423-87ed-7f567624af11', 'd95a94515fec89cf011d781b925c80d9', 1581860924630, '晚上好', 1581860924630, 1581860924630, true,true);
INSERT INTO _message_list (_room_id, _room_type, _message_id, _message_type, _event_id, _time)VALUES ('d95a94515fec89cf011d781b925c80d9', '_p2p', 'd2f0a40a-0a3b-44b1-beb6-92ee51d38225', '_text', '58077220-b345-4423-87ed-7f567624af11', 1581860924630);
INSERT INTO _message_text (_room_id, _message_id, _event_id, _sender_id, _time, _text_content, _message_sender_time, _message_receive_time, _is_me, _is_read)VALUES ('53b3deba6bea1fa9efa5508dabf317cb', 'f5a14af3-2e77-4746-a582-9ff80755269a', 'ff662b58-d83c-41d3-9835-c596170907f0', '53b3deba6bea1fa9efa5508dabf317cb', 1581860924630, '晚上好', 1581860924630, 1581860924630, true,true);
INSERT INTO _message_list (_room_id, _room_type, _message_id, _message_type, _event_id, _time)VALUES ('53b3deba6bea1fa9efa5508dabf317cb', '_p2p', 'f5a14af3-2e77-4746-a582-9ff80755269a', '_text', 'ff662b58-d83c-41d3-9835-c596170907f0', 1581860924630);
INSERT INTO _message_text (_room_id, _message_id, _event_id, _sender_id, _time, _text_content, _message_sender_time, _message_receive_time, _is_me, _is_read)VALUES ('bddd3952e9ea5626fcc04dfdc54a83e0', '7f0b4f94-b6cf-48ff-b80e-059dc0c3cd31', '50b9b7ae-5774-445c-9fdc-53bf27a94405', 'bddd3952e9ea5626fcc04dfdc54a83e0', 1581860924630, '晚上好', 1581860924630, 1581860924630, true,true);
INSERT INTO _message_list (_room_id, _room_type, _message_id, _message_type, _event_id, _time)VALUES ('bddd3952e9ea5626fcc04dfdc54a83e0', '_p2p', '7f0b4f94-b6cf-48ff-b80e-059dc0c3cd31', '_text', '50b9b7ae-5774-445c-9fdc-53bf27a94405', 1581860924630);
INSERT INTO _message_text (_room_id, _message_id, _event_id, _sender_id, _time, _text_content, _message_sender_time, _message_receive_time, _is_me, _is_read)VALUES ('29c799c72e13f5bd7af95c60b4187318', '005814c0-4559-4590-9a7c-8fd87a5732b8', '20e9233a-fb3c-4a06-a0f7-2a9fa747058c', '29c799c72e13f5bd7af95c60b4187318', 1581860924630, '晚上好', 1581860924630, 1581860924630, true,true);
INSERT INTO _message_list (_room_id, _room_type, _message_id, _message_type, _event_id, _time)VALUES ('29c799c72e13f5bd7af95c60b4187318', '_p2p', '005814c0-4559-4590-9a7c-8fd87a5732b8', '_text', '20e9233a-fb3c-4a06-a0f7-2a9fa747058c', 1581860924630);
INSERT INTO _message_text (_room_id, _message_id, _event_id, _sender_id, _time, _text_content, _message_sender_time, _message_receive_time, _is_me, _is_read)VALUES ('8a2b4a39081ff324410e6669261d6ba1', '4eaa3993-9705-4939-96bc-9b4aa288519c', 'fab1d455-a982-43a0-9e5d-f827c7590b58', '8a2b4a39081ff324410e6669261d6ba1', 1581860924630, '晚上好', 1581860924630, 1581860924630, true,true);
INSERT INTO _message_list (_room_id, _room_type, _message_id, _message_type, _event_id, _time)VALUES ('8a2b4a39081ff324410e6669261d6ba1', '_p2p', '4eaa3993-9705-4939-96bc-9b4aa288519c', '_text', 'fab1d455-a982-43a0-9e5d-f827c7590b58', 1581860924630);


INSERT INTO _task (_task_id, _task_name, _task_desc, _task_creator_id, _task_executor_id, _task_create_time,_task_start_time, _task_end_time, _task_remark, _task_supervisor, _task_priority)VALUES ('8e836f19-c0b9-4a94-b131-a88e8df6505e', '登录面板', '登录面板', '29c799c72e13f5bd7af95c60b4187318', '29c799c72e13f5bd7af95c60b4187318', 1581863440375, 1581863440375, 1581863440375, '难度一般','29c799c72e13f5bd7af95c60b4187318', '高');
INSERT INTO _task_list (_user_id, _task_id)VALUES ('29c799c72e13f5bd7af95c60b4187318', '8e836f19-c0b9-4a94-b131-a88e8df6505e');
INSERT INTO _task (_task_id, _task_name, _task_desc, _task_creator_id, _task_executor_id, _task_create_time,_task_start_time, _task_end_time, _task_remark, _task_supervisor, _task_priority)VALUES ('51308e46-2572-458c-806e-0ca94c38e4c4', '用户名登录', '用户名登录', '29c799c72e13f5bd7af95c60b4187318', '29c799c72e13f5bd7af95c60b4187318', 1581863440375, 1581863440375, 1581863440375, '难度一般','29c799c72e13f5bd7af95c60b4187318', '高');
INSERT INTO _task_list (_user_id, _task_id)VALUES ('29c799c72e13f5bd7af95c60b4187318', '51308e46-2572-458c-806e-0ca94c38e4c4');
INSERT INTO _task (_task_id, _task_name, _task_desc, _task_creator_id, _task_executor_id, _task_create_time,_task_start_time, _task_end_time, _task_remark, _task_supervisor, _task_priority)VALUES ('cbc19d4c-bdcb-4082-85f7-31af625e3a19', '二维码登录', '二维码登录', '29c799c72e13f5bd7af95c60b4187318', '29c799c72e13f5bd7af95c60b4187318', 1581863440375, 1581863440375, 1581863440375, '难度一般','29c799c72e13f5bd7af95c60b4187318', '高');
INSERT INTO _task_list (_user_id, _task_id)VALUES ('29c799c72e13f5bd7af95c60b4187318', 'cbc19d4c-bdcb-4082-85f7-31af625e3a19');
INSERT INTO _task (_task_id, _task_name, _task_desc, _task_creator_id, _task_executor_id, _task_create_time,_task_start_time, _task_end_time, _task_remark, _task_supervisor, _task_priority)VALUES ('914548d6-5f3b-424b-90eb-ebb180a0fadc', '通知面板', '通知面板', '29c799c72e13f5bd7af95c60b4187318', '29c799c72e13f5bd7af95c60b4187318', 1581863440375, 1581863440375, 1581863440375, '难度一般','29c799c72e13f5bd7af95c60b4187318', '高');
INSERT INTO _task_list (_user_id, _task_id)VALUES ('29c799c72e13f5bd7af95c60b4187318', '914548d6-5f3b-424b-90eb-ebb180a0fadc');
INSERT INTO _task (_task_id, _task_name, _task_desc, _task_creator_id, _task_executor_id, _task_create_time,_task_start_time, _task_end_time, _task_remark, _task_supervisor, _task_priority)VALUES ('99001550-4649-4af0-b56f-35f1944291cb', '主控面板', '主控面板', '29c799c72e13f5bd7af95c60b4187318', '29c799c72e13f5bd7af95c60b4187318', 1581863440375, 1581863440375, 1581863440375, '难度一般','29c799c72e13f5bd7af95c60b4187318', '高');
INSERT INTO _task_list (_user_id, _task_id)VALUES ('29c799c72e13f5bd7af95c60b4187318', '99001550-4649-4af0-b56f-35f1944291cb');
INSERT INTO _task (_task_id, _task_name, _task_desc, _task_creator_id, _task_executor_id, _task_create_time,_task_start_time, _task_end_time, _task_remark, _task_supervisor, _task_priority)VALUES ('09ac2f83-bc60-4d0e-8853-dd40eccf0e2d', '托盘处理', '托盘处理', '29c799c72e13f5bd7af95c60b4187318', '29c799c72e13f5bd7af95c60b4187318', 1581863440375, 1581863440375, 1581863440375, '难度一般','29c799c72e13f5bd7af95c60b4187318', '高');
INSERT INTO _task_list (_user_id, _task_id)VALUES ('29c799c72e13f5bd7af95c60b4187318', '09ac2f83-bc60-4d0e-8853-dd40eccf0e2d');
INSERT INTO _task (_task_id, _task_name, _task_desc, _task_creator_id, _task_executor_id, _task_create_time,_task_start_time, _task_end_time, _task_remark, _task_supervisor, _task_priority)VALUES ('d4b45b60-a45f-4852-88ff-3de35f33fc21', '插件菜单', '插件菜单', '29c799c72e13f5bd7af95c60b4187318', '29c799c72e13f5bd7af95c60b4187318', 1581863440375, 1581863440375, 1581863440375, '难度一般','29c799c72e13f5bd7af95c60b4187318', '高');
INSERT INTO _task_list (_user_id, _task_id)VALUES ('29c799c72e13f5bd7af95c60b4187318', 'd4b45b60-a45f-4852-88ff-3de35f33fc21');
INSERT INTO _task (_task_id, _task_name, _task_desc, _task_creator_id, _task_executor_id, _task_create_time,_task_start_time, _task_end_time, _task_remark, _task_supervisor, _task_priority)VALUES ('a08c60eb-bdcc-4381-82f2-24069b196350', '消息聊天', '消息聊天', '29c799c72e13f5bd7af95c60b4187318', '29c799c72e13f5bd7af95c60b4187318', 1581863440375, 1581863440375, 1581863440375, '难度一般','29c799c72e13f5bd7af95c60b4187318', '高');
INSERT INTO _task_list (_user_id, _task_id)VALUES ('29c799c72e13f5bd7af95c60b4187318', 'a08c60eb-bdcc-4381-82f2-24069b196350');
INSERT INTO _task (_task_id, _task_name, _task_desc, _task_creator_id, _task_executor_id, _task_create_time,_task_start_time, _task_end_time, _task_remark, _task_supervisor, _task_priority)VALUES ('9aec0941-ee65-49d4-b558-5d89e8f1044a', '任务列表', '任务列表', '29c799c72e13f5bd7af95c60b4187318', '29c799c72e13f5bd7af95c60b4187318', 1581863440375, 1581863440375, 1581863440375, '难度一般','29c799c72e13f5bd7af95c60b4187318', '高');
INSERT INTO _task_list (_user_id, _task_id)VALUES ('29c799c72e13f5bd7af95c60b4187318', '9aec0941-ee65-49d4-b558-5d89e8f1044a');
INSERT INTO _task (_task_id, _task_name, _task_desc, _task_creator_id, _task_executor_id, _task_create_time,_task_start_time, _task_end_time, _task_remark, _task_supervisor, _task_priority)VALUES ('11b49d84-3bdc-498e-97b3-e1a91e26ed05', '任务通知', '任务通知', '29c799c72e13f5bd7af95c60b4187318', '29c799c72e13f5bd7af95c60b4187318', 1581863440375, 1581863440375, 1581863440375, '难度一般','29c799c72e13f5bd7af95c60b4187318', '高');
INSERT INTO _task_list (_user_id, _task_id)VALUES ('29c799c72e13f5bd7af95c60b4187318', '11b49d84-3bdc-498e-97b3-e1a91e26ed05');
